"기사명","언론사"
"[사진]삼성생명, 6회 대한민국 연금대상 '개인연금 보험부문' ..","머니투데이 "
"[뉴욕개장]3대 지수 상승 출발…미중 무역협상 재개 '호재'","뉴스1 "
"[2보] 코스피 2,130선 내주며 약보합 마감…코스닥 690대..","연합뉴스 "
"'상승출발' 코스피 약세 전환…2130선 턱걸이","머니투데이 "
"오후 2:30 현재 코스피는 49:51으로 매수우위, 매수강세 ..","서울경제 "
"비즈니스온, 전일 대비 약 6% 하락한 17,250원","한국경제TV "
"""국산화 빨라질것"" 토종 소재株 화색","매일경제 "
"日 경제보복에 반사익?… 화색 도는 국내 반도체 소재업체","파이낸셜뉴스 "
"'경제 보복' 일본 노림수와 우리 정부 대응은?","MBN "
"[외환] 원/달러 환율 4.1원 오른 1,158.8원(마감)","연합뉴스 "
"ETF로 퇴직연금 직접 운용하기…두 달 만에 '3.6% 수익'","머니투데이 "
"[사진]'연금대상' 인사말하는 박종면 머니투데이 대표","머니투데이 "
"[사진]KEB하나은행, 6회 대한민국 연금대상 '퇴직연금 은행부..","머니투데이 "
"`5G·IT장비`의 힘…주식형 헤지펀드 부활","매일경제 "
"[일본증시(마감)] 닛케이225, 전 거래일 대비 2.13% 오..","서울경제 "
"장 마감 후 기업공시[7월 1일]","서울경제 "
"아베의 강수…'한국 때리기'로 극우층 결집 노려","한국경제 "
"[특징주]에이치엘비, 거래 폭발하며 12% 급반등","이데일리 "
"한프, 130억원 규모 부동산 처분 결정","이데일리 "
"초여름 IPO, 흙 속의 ‘숨은 진주’ 캐볼까","머니S "
"글로벌 투자자 올해 신흥국 중 인도 주식 가장 많이 샀다","연합뉴스 "
"KB증권 ""북미정상 만남, 한국 CDS와 환율에 긍정적""","연합뉴스 "
"미중 휴전·북미 회담에 원/달러 환율 1,140원대로↓","연합뉴스 "
"미중·북미 겹호재에 원/달러 두달만에 장중 1,140원대 터치(..","연합뉴스 "
"미중 무역전쟁 휴전에 아시아 증시 등 금융시장 '반색'","연합뉴스 "
"""소비 진작에 딱입니다"" 충북북부 지자체들, 지역화폐 연일 홍보","연합뉴스 "
"인천 미추홀구도 지역화폐 발행…8% 캐시백","연합뉴스 "
"쌍용차 6월 완성차 1만159대 판매…18.3% 감소","연합뉴스 "
"삼보산업 ""주가급등 관련 공시할 중요 정보 없어""","연합뉴스 "
"원/달러 환율 다시 1,150원대 후반으로↑…""日 수출규제 영향..","연합뉴스 "
"코스피 소폭 하락 마감","연합뉴스 "
"미중 무역전쟁 '휴전'에 中증시 급등 마감…상하이 2.2%↑","연합뉴스 "
"현대·기아차, 6월 판매 '동반 감소'…4개월 연속 후진(종합)","연합뉴스 "
"거래소, 주식선물 4종목·주식옵션 2종목 추가 상장","연합뉴스 "
"고양시 지역화폐 9월 15일까지 충전하면 10% 추가적립","연합뉴스 "
"무협 ""반도체소재 대일 의존도 높지만 일본 기업도 큰 부담""","연합뉴스 "
"쌍용차, 판매부진에 노사 합의로 생산중단…""역대 처음""(종합)","연합뉴스 "
"뉴욕증시, 미·중 무역전쟁 휴전 S&P 사상 최고치 출발","연합뉴스 "
"펍지, '배그 모바일-카카오프렌즈' 콜라보레이션","뉴시스 "
"[마감시황]코스피, '판문점 회담'에도 2120선 후퇴…""낙관론..","뉴시스 "
"상상인증권, 고객수수료 면제 시행","뉴시스 "
"거래소, 티움바이오 등 3개사 코스닥 상장예비심사 접수","뉴시스 "
"교직원공제회, 8900억 규모 블라인드펀드 위탁운용사 16곳 선..","뉴시스 "
"[12:00] 코스닥 시장 보합세(694p, +3.36p)","국민일보 "
"[13:00] 코스피 시장 보합세(2130p, -0.68p)","국민일보 "
"대덕전자, 특별관계자 지분변동","국민일보 "
"광양제철소 정전으로 고로 4기 가동 중단…불꽃과 검은 연기 치솟..","국민일보 "
"나스미디어, 2분기 외형확대…""주가 부담없는 수준""-대신증권","머니투데이 "
"미중 무역협상 재개..증시 안도랠리 가능성-SK","머니투데이 "
"삼성엔지니어링, 2분기 호실적+수주 기대감 '목표가↑'-신한금융..","머니투데이 "
"대덕전자, 합병 시너지..실적 차별화-키움","머니투데이 "
"주식으로 100억 번 여의도 타짜의 호소","머니투데이 "
"G2 휴전에 트럼프 '깜짝 월경'까지…호재 가득한 증시","머니투데이 "
"에스모, 佛 나브야 2000만 유로 투자 ""자율주행 셔틀, 버스..","머니투데이 "
"가전시장서 독보적 우위 선점 'LG전자', 전장사업으로 시동","머니투데이 "
"스마트폰 사업부, 적자폭만 축소돼도 재평가 가능성 ↑","머니투데이 "
"'겹경사'에 '반짝' 상승 ""기대감은 크지만…""","머니투데이 "
"""7월 서머랠리 온다…고배당주 포트폴리오로 대비""","머니투데이 "
"[특징주]日 반도체 소재 수출 규제…""대체재를 찾아라""","머니투데이 "
"현대자동차, 6월 판매량 37.8만대…전년비 8.3%↓","머니투데이 "
"퓨쳐켐, 신약 R&D 시설확보에 21억 규모 시설투자","머니투데이 "
"""대형 호재에도…"" 코스피, 2120선 하락 마감","머니투데이 "
"日 수출 규제에도 반도체株 주가 버티는 이유","머니투데이 "
"반도체株·삼성SDI 등 실적 기대감이 외국인 사로잡았다","머니투데이 "
"[Asia마감]'G2 휴전'에 中·日 증시 날았다 ","머니투데이 "
"[채권마감] 미·중 무역협상 재개 소식에 일제히 상승","머니투데이 "
"최악 피했지만, 결국 '노딜'…G20 이후 투자전략은","머니투데이 "
"[사진]'연금대상' 축사하는 최준우 금융위원회 상임위원 ","머니투데이 "
"[사진]삼성증권, 6회 대한민국 연금대상 '퇴직연금 증권부문' ..","머니투데이 "
"[사진]DB손해보험, 6회 대한민국 연금대상 '퇴직연금 보험부문..","머니투데이 "
"[사진]NH투자증권, 6회 대한민국 연금대상 '개인연금 보험부문..","머니투데이 "
"""당선후 주가 50% 올라"" 당당한 트럼프","매일경제 "
"에스모, 자율주행차 기업 나브야에 전략적 투자","매일경제 "
"[특징주] 자연과환경, 유상증자 권리락 착시에 급등","매일경제 "
"엔케이맥스 자회사, 의약품 유통기업 1위 지오영과 공급계약 체결","매일경제 "
"하이투자증권, ECM팀 신설 등 직제개편 단행","매일경제 "
"알파홀딩스, 온코섹 美 하버드대 글로벌 암센터 다나파버와 CAR..","매일경제 "
"삼성證 ""서머랠리 온다""…이달 주가 상승세 예측","매일경제 "
"[레이더M] 라온피플, IPO 본격 추진…9월 목표","매일경제 "
"한국테크놀로지 ""남북 경협 수혜 예상…최고 성과 낼 것""","매일경제 "
"코스피, 0.88p(0.04%) 하락한 2129.74 마감","매일경제 "
"조인에셋, 자산운용사 전환","매일경제 "
"[줌인 이종목] `자사주매입` 하나금융 기지개","매일경제 "
"[이슈진단] 금리인하 확산…신흥국 투자할만","매일경제 "
"오늘의 증시 일정 (7월 2일)","매일경제 "
"[코스닥 공시] 에이치엘비 / 팜스토리 / 삼강엠앤티 등","매일경제 "
"대북株 일제히 급등","매일경제 "
"KCGI의 반격…""델타, 백기사땐 법위반 소지""","매일경제 "
"LG유플, 전자결제 사업부 매각 `시동`…후보자에 안내문 발송","매일경제 "
"日 수출규제에…IT삼총사 `엇갈린 반응`","매일경제 "
"오늘의 레이더M 뉴스 (7월 3일) ","매일경제 "
"해외로 눈 돌린 아주IB투자, 美 지점 설치…""글로벌 VC도약 ..","매일경제 "
"한국거래소, 주식선물 4종목·옵션 2종목 오는 29일 추가상장","매일경제 "
"삼정·한영회계법인 매출 20%대 급증","매일경제 "
"오전 10:30 현재 코스피는 49:51으로 매수우위, 매도강세..","서울경제 "
"의약품업(+1.29%↑)이 강세인 가운데, 코스피도 상승 흐름(..","서울경제 "
"오후 12:30 현재 코스닥은 43:57으로 매수우위, 매도강세..","서울경제 "
"오후 1:00 현재 코스닥은 44:56으로 매수우위, 매도강세 ..","서울경제 "
"오후 1:00 현재 코스피는 49:51으로 매수우위, 매수강세 ..","서울경제 "
"[시그널] 핀테크社 세틀뱅크 코스닥 입성···144만주 공모","서울경제 "
"오후 1:30 현재 코스닥은 43:57으로 매수우위, 매도강세 ..","서울경제 "
"오후 3:00 현재 코스피는 49:51으로 매수우위, 매도강세 ..","서울경제 "
"오후 3:20 현재 코스닥은 44:56으로 매수우위, 매도강세 ..","서울경제 "
"[마감 시황] 개인과 외국인의 동반 매수세.. 코스닥 696.0..","서울경제 "
"[마감 시황] 개인의 '팔자' 기조.. 코스피 2129.74(▼..","서울경제 "
"[표]유가증권 기관·외국인·개인 순매수·도 상위종목(7월 1일)","서울경제 "
"[표]코스닥 기관·외국인·개인 순매수·도 상위종목(7월 1일)","서울경제 "
"[마감시황] 코스피 하락 반전...2,130선 내줘","서울경제 "
"장 중 기업공시[7월 1일]","서울경제 "
"오늘의 재운[7월 2일]","서울경제 "
"앤디포스, 서울 등촌동 소재 토지 및 건물 369억원에 매각","서울경제 "
"[亞 주요 증시 급등] '나홀로 하락' 韓증시...하반기도 박스..","서울경제 "
"NH證, 또 5% 특판...달궈지는 발행어음 시장","서울경제 "
"'리츠 ETF' 줄줄이 나온다","서울경제 "
"[표]유가증권 기관·외국인·개인 순매수·도 상위종목(7월 1일-..","서울경제 "
"[표]코스닥 기관·외국인·개인 순매수·도 상위종목(7월 1일-최..","서울경제 "
"[표]투자주체별 매매동향(7월 1일-최종치)","서울경제 "
"[표]유형별 펀드 자금 동향(6월 28일)","서울경제 "
"[표]아시아 주요 증시 동향(7월 1일)","서울경제 "
"""동부건설, 장기증익 사이클에 진입"" 현대차증권","파이낸셜뉴스 "
"'간편현금결제 시장 1위' 세틀뱅크 IPO통해 M&A 실탄 마련","파이낸셜뉴스 "
"[fnRASSI]플레이위드, 부국철강 등 16종목 52주 신고가..","파이낸셜뉴스 "
"[fnRASSI]장마감, 거래소 하락 종목(웅진 -17.0% ↓..","파이낸셜뉴스 "
"반도체 부진에… 시총 상위 20곳 영업익 전망 1년새 반토막[상..","파이낸셜뉴스 "
"내리막길 걷는 압타바이오.. 다음주 VC 물량폭탄 이겨낼까","파이낸셜뉴스 "
"MLCC 업황 부진 직격탄, 삼성전기 목표주가 줄하향","파이낸셜뉴스 "
"[마켓워치]과기공·엔지니어링공제조합 美투자 대박","파이낸셜뉴스 "
"자사주로 주주친화 경영 속도낸다","파이낸셜뉴스 "
"AB운용 글로벌 채권펀드 10년 누적수익률 122%","파이낸셜뉴스 "
"[마켓워치]현대카드 이어 롯데카드도 영구채 발행","파이낸셜뉴스 "
"[공시] 엠젠플러스, 생체적합 인공각막 관련 국책과제 주관","파이낸셜뉴스 "
"바로투자증권, 윤기정 신임 대표 선임","파이낸셜뉴스 "
"[코스닥 주간메모] 7월 1일(월) ~ 7월 5일(금)","한국경제 "
"""美·中 무역전쟁 휴전, 국내 증시에 긍정적…IT 수요 부진 진..","한국경제 "
"""면세점株 주가 바닥…호텔신라·신세계 비중 확대""-하나","한국경제 "
"""미중 2차 휴전 합의…미 금리인하 0.25%포인트 가능성↑""","한국경제 "
"'좋은사람들' 10% 이상 상승, 전일 외국인 대량 순매수","한국경제 "
"'유한양행' 5% 이상 상승, ASCO 이후에도 레이저티닙 기대..","한국경제 "
"'용평리조트' 5% 이상 상승, 기관 5일 연속 순매수(1.2만..","한국경제 "
"'성신양회' 5% 이상 상승, 외국인, 기관 각각 3일, 5일 ..","한국경제 "
"'플레이위드' 상한가↑ 도달, 전일 외국인 대량 순매수","한국경제 "
"'동성화학' 52주 신고가 경신, 단기·중기 이평선 정배열로 상..","한국경제 "
"'연이정보통신' 10% 이상 상승, 상승 추세 후 조정 중, 단..","한국경제 "
"'인스코비' 5% 이상 상승, 주가 반등 시도, 단기·중기 이평..","한국경제 "
"'메지온' 상한가↑ 도달, 전일 외국인 대량 순매수","한국경제 "
"'에이치엘비' 10% 이상 상승, 자회사 LSKB 흡수합병. 대..","한국경제 "
"'동양파일' 10% 이상 상승, 전일 외국인 대량 순매수","한국경제 "
"'오리엔트정공' 10% 이상 상승, 전일 외국인 대량 순매수","한국경제 "
"'TIGER 차이나CSI300레버리지(합성)' 5% 이상 상승,..","한국경제 "
"'에스모' 10% 이상 상승, 주가 60일 이평선 상회, 단기·..","한국경제 "
"'덕우전자' 20% 이상 상승, 모바일에서 자동차로 영역 확장","한국경제 "
"'한올바이오파마' 5% 이상 상승, 2019.1Q, 매출액 24..","한국경제 "
"'에이치엘비생명과학' 상한가↑ 도달, 주가 반등 시도, 단기·중..","한국경제 "
"대웅제약, 증권사 목표주가 높은데 주가는 하락세. 왜?","한국경제 "
"'TBH글로벌' 5% 이상 상승, 주가 상승 중, 단기간 골든크..","한국경제 "
"'선도전기' 5% 이상 상승, 전일 외국인 대량 순매수","한국경제 "
"'리보세라닙+캄렐리주맙' 진행성 간세포암 임상 3상, 첫 환자 ..","한국경제 "
"年매출 250억 자동차부품 제조업체 매물로","한국경제 "
"툴제넥신 ""양사 기술로 차세대 CAR-T 개발할 것""","한국경제 "
"경협株, 벌떡 일어섰지만…좋은사람들 24%·인디에프 15%·현대..","한국경제 "
"年5% 발행어음 특판경쟁 뛰어든 NH證","한국경제 "
"'하한가 폭탄' 맞았던 임상 3상株 일제히 반등","한국경제 "
"[Hot Stock] 비상교육","한국경제 "
"무역休戰에도 코스피 부진…外人이 구세주?","한국경제 "
"'시타델 초단타 창구' 메릴린치…美 본사에 537억 송금","한국경제 "
"""예견된 웅진코웨이 재매각""…한투證 책임론 솔솔","한국경제 "
"새 게임 출시→공매도 급증→주가 폭락…BTS도 못 막은 '신작의..","한국경제 "
"01일, 외국인 거래소에서 삼성전자(-0.85%), 삼성전기(+..","한국경제 "
"01일, 기관 거래소에서 SK하이닉스(+0.72%), POSCO..","한국경제 "
"01일, 거래소 외국인 순매도상위에 화학 업종 4종목","한국경제 "
"01일, 거래소 기관 순매도상위에 전기,전자 업종 4종목","한국경제 "
"01일, 코스닥 외국인 순매수상위에 연구·개발 업종 4종목","한국경제 "
"01일, 기관 코스닥에서 비에이치(+7.26%), 셀트리온헬스케..","한국경제 "
"01일, 외국인 코스닥에서 아난티(+3.95%), 동진쎄미켐(+..","한국경제 "
"01일, 코스닥 기관 순매도상위에 IT부품 업종 5종목","한국경제 "
"[FN가이드 중소형주 핫클릭]6월 투심 쏠린 곳은...5G 수혜..","헤럴드경제 "
"6월 투심은 ‘5G 수혜주·삼지전자’ 독차지","헤럴드경제 "
"아주IB투자, 해외거점 확장을 통한 글로벌 영토 확장 속도","헤럴드경제 "
"환율 좌우할 무역협상·북핵담판…원화 강세 보일 듯","이데일리 "
"늘어나는 펀드담보대출…달갑지 않은 자산운용사","이데일리 "
"인트론바이오·크리스탈…기술력 뛰어난데 이익까지 '쏠쏠'","이데일리 "
"넷마블, 넥슨 인수 무산·BTS월드 출시 신작 모멘텀 소멸…목표..","이데일리 "
"“3차 북·미 정상회담, 경협株 모멘텀 시작”","이데일리 "
"[표]KG이니시스 등 코스닥 자사주 신청내역(1일)","이데일리 "
"""미·중, 4분기 무역협상 스몰딜 합의하며 증시상승 불붙일 것""","이데일리 "
"[28일 주요 크레딧 공시]롯데건설, 신용등급 `A+` 상향 外","이데일리 "
"씨아이에스, 2차전지社 증설에 따른 수혜-KTB","이데일리 "
"""日 반도체소재 수출규제, 韓 반도체업계 영향 제한적""","이데일리 "
"코스닥, 한반도 '핑크빛 무드'에 상승 출발…경협株 강세","이데일리 "
"[특징주]풀죽었던 바이오株 투심, 유한양행 소식에 ‘꿈틀’","이데일리 "
"[특징주]화웨이 미국산 부품공급 재개에 아이폰 부품株도 강세","이데일리 "
"조인에셋투자자문, 해외투자 사모자산운용사로 전환","이데일리 "
"[표]01일 오전 채권시장 - 금리동향","이데일리 "
"달러-엔 108.350엔(15시10분 현재)","이데일리 "
"[외환마감]미·중 휴전했는데 원·달러 환율 돌연 상승…1158...","이데일리 "
"[코스피 마감]주말 정상회담發 호재에도 약보합","이데일리 "
"[코스닥 마감]7거래일만에 반등…경협·바이오株 강세","이데일리 "
"NH아문디자산운용 `하나로단기채`펀드 국민銀 판매개시","이데일리 "
"DMZ발 훈풍 누른 일본발 냉풍…'실적 불안·수출규제'에 코스피..","이데일리 "
"日 수출 규제에 반도체 소재株 '들썩'","이데일리 "
"[표]거래소 주가지수선물·옵션시세표(7/1)","이데일리 "
"[표]코스닥 기관/외국인 매매동향 (7/1 3시30분)","이데일리 "
"[표]코스피 기관/외국인 매매동향 (7/1 3시30분)","이데일리 "
"네패스신소재, 70억원 규모 수소차전지용 음극제업체 지분 취득 ..","이데일리 "
"이노테라피, 11억원 규모 엔브이씨파트너스 지분 취득 결정","이데일리 "
"거래소, 더블유에프엠 불성실공시법인으로 지정","이데일리 "
"한류AI센터, 200억원 규모 전환사채 발행 철회","이데일리 "
"엠젠플러스, 인공각막 소재 관련 산업부 국책과제 선정","이데일리 "
"상상인證, 1일부터 각종 수수료 면제 시행","이데일리 "
"[마켓인]상반기 DCM 리그테이블, 1위 굳히는 `KB`","이데일리 "
"1일 장 마감 후 주요 종목 뉴스","이데일리 "
"EU·메르코수르 FTA 타결… 인구 8억 시장 탄생","조선일보 "
"건보료 폭탄 터집니다… 어르신, 개인연금 들었나요?","조선일보 "
"[마켓 Watch] 美 고용·제조업 지표 공개… 금리 인하 여부..","조선일보 "
"신고가 경신 이어가는 공모형 리츠-배당·시세차익 두 마리 토끼 ..","매경이코노미 "
" 정부 업무추진비도 ‘제로페이’ 한다 ","한겨레 "
" 홈플러스, 무기계약직 1만4천명 정규직 전환 ","한겨레 "
" 삼성전자·하이닉스 ‘초긴장’ 장기화할 경우 일본 자충수? ","한겨레 "
"외국인, 신흥국중 인도주식 가장 많이 샀다","디지털타임스 "
"빈익빈 부익부 뚜렷… 삼성·SK·현대車·LG만 약진","디지털타임스 "
"[ET투자뉴스]한일현대시멘_외국인투자자의 거래참여 활발, 거래비..","전자신문 "
"[ET투자뉴스]현대엘리베이_기관투자자의 거래참여 높아, 거래비중..","전자신문 "
"[분석] 남북미 정상회담에 대북株 '들썩'…언제까지","아이뉴스24 "
"바로투자증권, 대표이사 윤기정씨로 변경","아이뉴스24 "
"6월 수출 감소폭 확대...하반기 전망도 '흐림'","YTN "
"수출 규제 3개 품목 뭐기에?…삼성·하이닉스 물량 확보 비상","MBN "
"굴비 한 두름 사라지고, 초소형 채소 포장 등장하고","MBN "
"후끈 달아 오른 공모시장 열기?7월 IPO '서머랠리' 본격 시..","데일리안 "
"SFA반도체(036540) 종목알파고 분석, 외국인/기관 실시간..","한국경제TV "
"HB테크놀러지, 전일 대비 약 3% 상승한 3,580원","한국경제TV "
"[코스닥 수급] 10시 30분 외인(376억), 기관(-286억..","한국경제TV "
"대한제강, 전일 대비 약 3% 하락한 7,990원","한국경제TV "
"[이 시각 코스닥] 코스닥 현재 694.05p 상승세 지속","한국경제TV "
"[일일펀드동향]韓채권형펀드 사흘간 6000억원 순유입","아시아경제 "
"[굿모닝 증시]미중 무역협상 재개…""금융시장 안정적 흐름 전망""","아시아경제 "
"[클릭 e종목]""하나제약, 신약 '레미마졸람'으로 성장동력 확보..","아시아경제 "
"[비트코인 지금]국내 1300만원대…주요 가상통화 하락세","아시아경제 "
"[클릭 e종목]""판문점 회담에 남북경협주 기대감 확대""","아시아경제 "
"[클릭 e종목]""씨아이에스, 올해 실적 턴어라운드 기대""","아시아경제 "
"코스피 상승세 출발…2140선 회복","아시아경제 "
"라네즈, '터치 한번에 그라데이션·볼륨' 레이어링 립 바 출시","아시아경제 "
"간편현금결제 1위 '세틀뱅크' 코스닥 입성…""독보적 지위 바탕 ..","아시아경제 "
"7월 1일 코스닥, 5.47p 오른 696.00 마감(0.79%..","아시아경제 "
"에이치엘비 거래대금 1조 육박…""삼성전자의 2배""","아시아경제 "
"상상인증권 고객수수료 면제 시행","아시아경제 "
"교직원공제회, 브이아이지파트너스 등 PEF 9곳·컴퍼니케이파트너..","아시아경제 "
"""일본 제품 대체할 잠재력 있는 회사 동진쎄미켐·이엔애프 등"" ..","조선비즈 "
"[마켓뷰] 아시아 증시 다 웃는데 韓 증시는 울상...외국인 '..","조선비즈 "
"[가상화폐 시세] '비트코인 1300만원대'… 주요 암호화폐 내..","머니S "
"[마켓뷰] 글로벌 왕따 韓증시…바이오도 전날 먹은 것 토해내","조선비즈 "
"[Asia마감]'협상 재개' 거품 빠진 亞 증시","머니투데이 "
"[마감시황]코스피, 日 수출규제·미-EU 무역분쟁 조짐에 하락 ..","뉴시스 "
"[뉴욕개장]3대 지수 하락 출발…무역 낙관론 후퇴","뉴스1 "
"빵·소주 줄줄이 오르는데 6개월째 '0%대' 물가, 왜","MBN "
"뉴욕증시, 美·EU 무역갈등 우려 하락 출발","연합뉴스 "
"`인보사 불똥` 튄 한투·NH證…상장주관사 업무 일부 제한","매일경제 "
"외화채에 몰린 개인…올들어 41.9兆 역대급 사들였다","디지털타임스 "
"[공시] 거래소 ""한류타임즈 상폐 이의신청서 접수""","파이낸셜뉴스 "
"""엎친데 덮친격…하반기 韓수출 감소폭 더 커진다""","이데일리 "
"왕따 韓 증시, 그래도 희망은 있다","머니투데이 "
"경증 치매에 MRI 결과 가져오라고?…모호한 약관 고친다","MBN "
"[인터뷰] 허이화 로스웰 한국사무소 대표 ""내년부터 IoV사업 ..","파이낸셜뉴스 "
"메디젠휴먼케어, 한체대 산학협력단과 유전체 플랫폼 연구계약 체결","파이낸셜뉴스 "
"[공시] 거래소 ""바이오빌 상장실질심사 사유 추가""","파이낸셜뉴스 "
"금투협, '제1회 증시콘서트:2019 하반기 증시 대전망' 개최","한국경제TV "
"거래소, 엔에스엔에 불성실공시법인 지정 예고","아시아경제 "
"드라이버 교육 강조한 '타다' 성희롱 논란","MBN "
"[인사] 한양증권","데일리안 "
"거래소 “바이오빌 상장실질심사 사유에 배임·횡령 발생 추가”","아시아경제 "
"한류타임즈, 상장폐지 관련 이의신청서 제출","연합뉴스 "
"[뉴욕마감] '무역전쟁 휴전' 안도랠리…S&P 장중 최고가","머니투데이 "
"02일, 코스닥 기관 순매도상위에 연구·개발 업종 3종목","한국경제 "
"돈 풀어도 교역량 안 늘면 무용지물…韓, 2012년 박스피 재연..","이데일리 "
"[외환마감]급등한 달러값…원·달러 환율 상승","이데일리 "
"미래에셋평생소득TIF `인기`… 2년새 설정액 1000억 돌파","디지털타임스 "
"[굿모닝 증시]실적 추정치 하향조정 지속","아시아경제 "
"일본 수출규제·호주 금리인하에 원/달러 환율 상승","연합뉴스 "
"[특징주] 메지온 'FDA 임상시험 연장 승인 발표'에 급등(종..","연합뉴스 "
"거래소, 엔에스엔에 불성실공시법인 지정 예고","연합뉴스 "
"KTB證 ""OCI, 하반기 태양광 시장 호조세 예상…매수의견""","뉴시스 "
"자연과환경 에이치디씨현대피씨이와 11억원 계약체결","국민일보 "
"엔에스엔, 특별관계자 지분변동","국민일보 "
"유한양행, 신약개발 업체로 발돋움-미래에셋대우","머니투데이 "
"美·中 상승했는데 풀 죽은 韓…코스피 하락 출발","머니투데이 "
"대봉엘에스, `인-코스메틱스 코리아 2019` 성황리 종료","매일경제 "
"주춤한 코스피, 2120대 하락 마감","매일경제 "
"미래에셋대우 WM강남파이낸스센터, `최영진 사진작가 초대전` 개..","매일경제 "
"중소 상장사, 중국發 계약해지 주의보","매일경제 "
"[데일리 국제금융시장] 미중 무역전쟁 '휴전'에 강세","서울경제 "
"'배송혁명' 이커머스시대, 산림·목재 투자 유망","파이낸셜뉴스 "
"미래에셋평생소득TIF 설정액 1000억 돌파","파이낸셜뉴스 "
"""휠라코리아, 2분기 실적 사상 최대치 기록""-하이","한국경제 "
"'NHN한국사이버결제' 52주 신고가 경신, 성장의 기다림이 나..","한국경제 "
"[코스닥 기업공시] (2일) 선익시스템 등","한국경제 "
"GS글로벌, 싱가폴 자회사 채무보증 결정","이데일리 "
"일본, 관세 인상 등 추가 제재 나설까","MBN "
"K-OTC 역대 세번째 거래대금 기록…'비보존 기술특례상장 무산..","한국경제TV "
"에스에너지, 홍성민·박상민 각자 대표이사 체제로 변경","아시아경제 "
"[유럽증시] 미중 무역전쟁 휴전에 안도…일제히 상승","연합뉴스 "
"뉴욕증시, 미·중 무역전쟁 휴전…S&P, 사상 최고치 마감","연합뉴스 "
"KB증권 ""7월 코스피 2,070∼2,220 등락 전망""","연합뉴스 "
"日 반도체 수출규제 여파 지속…원/달러 환율 상승 출발","연합뉴스 "
"신한금투 ""코스피 이익 감소 2분기 최대…3분기부터 개선""","연합뉴스 "
"[특징주] 메지온 'FDA 임상시험 연장 승인 발표'에 급등","연합뉴스 "
"[외환] 원/달러 환율 7.2원 오른 1,166.0원(마감)","연합뉴스 "
"[2보] 코스피 2,120대 약세…코스닥은 690대 강보합","연합뉴스 "
"양양국제공항, 중국 6개 도시와 정기노선 개설 탄력","연합뉴스 "
"코스피 2,120대 약세…코스닥은 690대 강보합(종합2보)","연합뉴스 "
"日수출 규제에 국내 반도체 소재업체 주가 이틀째 강세(종합)","연합뉴스 "
"거래소, 한류AI센터에 불성실공시법인 지정 예고","연합뉴스 "
"국고채 금리 일제히 하락…3년물 연 1.463%","연합뉴스 "
"日수출 규제에 국내 반도체 소재업체 주가 이틀째 강세(종합2보)","연합뉴스 "
"거래소 ""라이트론, 상장적격성 실질심사 사유 추가""","연합뉴스 "
"거래소 ""바이오빌, 상장적격성 실질심사 사유 추가""","연합뉴스 "
"런던 경찰, '마약 거래 돈세탁 창구' 의심 환전상 집중단속","연합뉴스 "
"거래소, 에코프로비엠 소속부 벤처기업부로 변경","연합뉴스 "
"이아이디, 산업처리공정 제어장비 제조업체 지분 인수","연합뉴스 "
"NH투자·한국투자증권, 외국기업 기술특례 상장주선자격 제한돼","연합뉴스 "
"[공시]필룩스, 담보대출로 단기차입금 200억 증가","뉴시스 "
"""대선 국면·IT '몰락'에 미중 무역분쟁 타결""vs""패권전쟁 ..","뉴시스 "
"[올댓차이나] 홍콩 증시, 미중마찰 완화에 반등 마감...H주 ..","뉴시스 "
"모처럼 활짝 웃은 ‘남북 경협주’","국민일보 "
"[유럽마감] 화웨이 제재 완화에 반도체주 껑충…스톡스 0.8%↑","머니투데이 "
"""에스퓨얼셀, 독보적인 수소·연료전지 업체""-NH","머니투데이 "
"[특징주]반도체 소재업체, 日 규제 반사익 기대감…이틀째 ↑","머니투데이 "
"[Asia오전]재 뿌린 미국의 'EU 보복관세'","머니투데이 "
"[사진]체리데이에 '워싱턴체리' 맛보세요","머니투데이 "
"""日 수출 규제? 반도체株 괜찮아요""…日 반도체 주가 '움찔'","머니투데이 "
"자연과환경, 11억원 규모 납품 계약 체결 ","머니투데이 "
"자사주 약발도 안 먹히는 이마트…4월 이후 16% 급락","머니투데이 "
"고개드는 조선업 주가, ""내릴 만큼 내렸나""","머니투데이 "
"코스피, 기관 매도에 2120선 턱걸이","머니투데이 "
"두산밥캣 ""유럽지역 자회사 지주회사 탈퇴""","머니투데이 "
"마니커 ""CJ제일제당 보유 지분, 보호예수 기간 만료""","머니투데이 "
"[장외주식] 기업공개(IPO)관련주 일부를 제외하고 약세 분위기","머니투데이 "
"지금 주식투자 망설이는 3가지 이유","머니투데이 "
"[채권마감] ""금리 인하 기대감↑"" 국고채 금리 하락 ","머니투데이 "
"뉴욕증시, 미·중 무역전쟁 휴전에 상승 마감…다우 0.44%↑","매일경제 "
"[Hot-Line] ""에스퓨얼셀, 주택·건물용 연료 시장의 대표..","매일경제 "
"네패스신소재, 엔엠티 인수…수소연료전지 코팅장비 양산","매일경제 "
"DB금융투자, DLB·ELB 등 3종 판매","매일경제 "
"금값 1400달러 붕괴에 금ETF·ETN손실…전망은","매일경제 "
"신한BNPP자산운용 `신한BNPP스마트베트남VN30인덱스펀드` ..","매일경제 "
"미래에셋대우 목동WM, `하반기 재테크 이슈` 주제로 설명회 개..","매일경제 "
"하나금융투자, 한국중부발전 북유럽 신재생 에너지 진출 금융지원 ..","매일경제 "
"""갑자기 웬 전주 출장소?"" 증권업계 속앓이","매일경제 "
"무색해진 `장기투자 원칙`…KB운용, 참좋은여행 `처분`","매일경제 "
"`일장춘몽` 끝나나…金ETF 잇단 약세","매일경제 "
"[표] 주요 증시 지표 (7월 2일)","매일경제 "
"오늘의 증시 일정 (7월 3일)","매일경제 "
"[코스닥 공시] 프로스테믹스 / 선익시스템 / 엔에이치스팩10호","매일경제 "
"[유가증권시장 공시] 두산밥캣 / 필룩스 / 키다리스튜디오 등","매일경제 "
"암초 만난 日리츠펀드","매일경제 "
"`파트론`에 꽂힌 외국인들 상반기만 1200억 순매수","매일경제 "
"거래소 “바이오빌 상장실질심사 사유에 배임·횡령 발생 추가”","매일경제 "
"거래소, 엔에스엔 불성실공시법인 지정 예고","매일경제 "
"만도, 임원 20% 희망퇴직…생산물량 감소에 선제조치","매일경제 "
"강남권 마지막 선분양…서초그랑자이 42대 1","매일경제 "
"오전 9:30 현재 코스닥은 44:56으로 매수우위, 매도강세 ..","서울경제 "
"신한BNPP, ‘신한BNPP스마트베트남VN30인덱스펀드’ 출시","서울경제 "
"오전 10:30 현재 코스닥은 46:54으로 매수우위, 매도강세..","서울경제 "
"오후 1:00 현재 코스피는 48:52으로 매수우위, 매수강세 ..","서울경제 "
"오후 2:30 현재 코스피는 47:53으로 매수우위, 매수강세 ..","서울경제 "
"[표]코스닥 기관·외국인·개인 순매수·도 상위종목(7월 2일)","서울경제 "
"[표]투자주체별 매매동향(7월 2일)","서울경제 "
"[투자의 창]무역협상 재개와 글로벌 투자","서울경제 "
"한국 조선업 선박수주 1위 되찾았다···거제 부동산 시장 조금씩..","서울경제 "
"[표]증시 주변 자금 동향(7월 1일)","서울경제 "
"증시 불안에...'분산투자 펀드 3총사' 뭉칫돈","서울경제 "
"태양광개발 편법 기승에···신재생에너지 혜택 축소","서울경제 "
"올들어 상승률 31%...러시아 증시 천장 뚫나","서울경제 "
"시중은행 하반기 경영 키워드도 '디지털'","서울경제 "
"[시그널] 현대오일뱅크 회사채에 1.1조 몰려···발행규모 3,..","서울경제 "
"[표]유가증권 기관·외국인·개인 순매수·도 상위종목(7월 2일-..","서울경제 "
"[표]코스닥 기관·외국인·개인 순매수·도 상위종목(7월 2일-추..","서울경제 "
"[표]투자주체별 매매동향(7월 2일-추정치)","서울경제 "
"장 마감 후 기업공시[7월 2일]","서울경제 "
"[표]아시아 주요 증시 동향(7월 2일)","서울경제 "
"[fnRASSI]장마감, 거래소 하락 종목(키위미디어그룹 -11..","파이낸셜뉴스 "
"[fn마감시황] 코스피 3거래일째 하락..0.36%↓","파이낸셜뉴스 "
"동양운용 최영권·ABL운용 김동호 신임 대표 내정","파이낸셜뉴스 "
"롯데쇼핑, 호재에도 주력사업 부진에 날개없는 추락","파이낸셜뉴스 "
"하반기 무역분쟁 타결 유력… 코스피 2350선까지 오른다","파이낸셜뉴스 "
"정부 지원에도 기대에 못미치는 코넥스 시장","파이낸셜뉴스 "
"[공시] 거래소 ""라이트론, 상장적격성 실질심사 사유 추가""","파이낸셜뉴스 "
"'램테크놀러지' 15% 이상 상승, 2019.1Q, 매출액 99..","한국경제 "
"'GV' 10% 이상 상승, 전일 외국인 대량 순매수","한국경제 "
"'DB하이텍' 5% 이상 상승, 주가 상승세, 단기 이평선 역배..","한국경제 "
"'대창' 5% 이상 상승, 주가 반등으로 5일 이평선 넘어섬, ..","한국경제 "
"'한국내화' 5% 이상 상승, 주가 상승세, 단기 이평선 역배열..","한국경제 "
"'제넥신' 10% 이상 상승, 제넥신, 툴젠 합병, 지금까지 이..","한국경제 "
"피앤씨테크, 32억 규모 전력 제어장치 공급계약","한국경제 "
"'티에이치엔' 5% 이상 상승, 주가 상승세, 단기 이평선 역배..","한국경제 "
"'롯데지주우' 5% 이상 상승, 주가 60일 이평선 상회, 단기..","한국경제 "
"프로스테믹스 수주공시 - 엑소좀 줄기세포배양액 앰플 등 공급 계..","한국경제 "
"갈수록 쪼그라드는 글로벌 자동차 시장","한국경제 "
"제동 걸린 태림포장 M&A…인수가 높아 '승자의 저주' 부상","한국경제 "
"""코스피 3분기 바닥, 4분기 본격 반등""","한국경제 "
"日 수출 규제에 IT 소재株 '들썩'","한국경제 "
"배임혐의 굴레 벗은 '전지현 시아버지'","한국경제 "
"증자·IPO 앞둔 바이오社 '비상'","한국경제 "
"02일, 외국인 거래소에서 SK하이닉스(+2%), 삼성전자(-0..","한국경제 "
"02일, 기관 거래소에서 SK이노베이션(+2.17%), POSC..","한국경제 "
"02일, 거래소 기관 순매도상위에 서비스업 업종 4종목","한국경제 "
"02일, 코스닥 외국인 순매수상위에 통신장비 업종 5종목","한국경제 "
"02일, 기관 코스닥에서 파라다이스(+4.8%), CJ ENM(..","한국경제 "
"02일, 코스닥 외국인 순매도상위에 일반전기전자 업종 3종목","한국경제 "
"[마켓인사이트]11일 코스닥 상장하는 아이스크림에듀…일반 청약 ..","한국경제 "
"[유가증권 기업공시] (2일) 두산밥캣 등","한국경제 "
"대형회계법인 영업수익 급증...'빅4' 올 2조 달할듯","헤럴드경제 "
"상장 줄고, 상폐 늘고...6주년 코넥스,  '무용론' 다시 고..","헤럴드경제 "
"""코스피 상단 2350선…무역분쟁 연내타결될듯""","헤럴드경제 "
"더블유에프엠, 미국서 음극재 생산 추진…전기차 주행거리 개선","헤럴드경제 "
"[유럽증시]무역전쟁 확전 피한 美中…상승","이데일리 "
"바이오에서 남북경협株로…코스닥 주도주 대전환기 오나","이데일리 "
"[표]코스닥 외국인 연속 순매도 종목(1일)","이데일리 "
"[표]해외 한국 DR(7/1)","이데일리 "
"삼성전자, 하반기 반도체·DP 수익 개선…목표가↑-대신","이데일리 "
"하반기 국제유가 더 하락..`45~63달러 전망`","이데일리 "
"[특징주]플레이위드, '로한M' 인기에 사흘째 상한가","이데일리 "
"[특징주]김수현, 오자마자 떠나나…키이스트 ‘하락세’","이데일리 "
"[표]유럽 주요기업 주가(7/1)","이데일리 "
"[특징주]텔콘, 비보존 기술특례상장 무산에 '급락'","이데일리 "
"[특징주]삼기오토모티브, 폭스바겐 전기車 부품 수주에 강세","이데일리 "
"[마감]지수선물 하락..277.00(-1.10p)","이데일리 "
"[코스피 마감]무역분쟁 경계감 여전..사흘째 하락세","이데일리 "
"[표]02일 채권시장 종합 - 금리동향","이데일리 "
"마니커, 보통주 보호예수기간 오는 4일 만료","이데일리 "
"화승알앤에이 ""화승소재, 화승네트웍스 자회사로 편입""","이데일리 "
"키위미디어그룹, 불성실공시법인 지정 예고","이데일리 "
"이아이디 ""지이 지분 100% 양수결정""","이데일리 "
"日증시 상승 마감..닛케이 21754.27(+0.11%)","이데일리 "
"코넥스, 103개 종목 거래…거래대금 1위 '노브메타파마'","이데일리 "
"거래소, '최대주주 변경 공시' 라이트론 실질심사 사유 추가","이데일리 "
"[마켓인]사학·공무원연금 해외투자 덕에 상반기 '방긋'","이데일리 "
" 7월 미국경제, 역사상 최장 경기확장…재선 가도 ‘트럼프 정치..","한겨레 "
" ‘미·중 무역협상 재개 합의’ 곁불도 못쬔 한국증시 ","한겨레 "
"""국내 기업 실적 아직 바닥 못찍었다""vs""무역분쟁 타결시 최대..","전자신문 "
"[I-리포트] 아모레퍼시픽, 中 이니스프리 부진…감익 예상-대신..","아이뉴스24 "
"공공부문 비정규직 총파업 전야…급식 대란 코앞","MBN "
"[숫자뉴스] 3백만 원","MBN "
"오현석 삼성증권 센터장 “연내 코스피 상단 2350선···핀테크..","데일리안 "
" 웹케시, 중소기업중앙회와 ‘경리나라’ 혜택 지원 MOU 체결","조세일보 "
"마이크로프랜드, 전일 대비 약 3% 상승한 4,610원","한국경제TV "
"풍국주정, 전일 대비 약 7% 상승한 21,750원","한국경제TV "
"[마감 시황] 코스피 전일 대비 7.72p 하락한 2122.02..","한국경제TV "
"[일일펀드동향]韓채권형펀드 나흘간 7000억원 순유입…주식형 순..","아시아경제 "
"[e공시 눈에 띄네]코스피-1일","아시아경제 "
"네패스신소재, 엔엠티 인수 완료…""수소연료전지 코팅장비 양산""","아시아경제 "
"경제전쟁 승패 좌우할 핵심소재…그래핀으로 쏠리는 이목  ","아시아경제 "
"여행株, 성수기에도 연저점 맴돌아","아시아경제 "
"마니커 ""최대주주 이지바이오 지분 40.38%→32.83%""","아시아경제 "
"전화위복 기대하는 고동진 사장 ""갤럭시폴드, 2천개 테스트""","아시아경제 "
"코스피, 美 훈풍에도 뒷걸음질…기관 순매도 ","아시아경제 "
"LS전선아시아, 베트남 자회사 채무 115억원 보증","아시아경제 "
"거래소 “라이트론, 상장적격성 실질심사 사유 추가”","아시아경제 "
"[이슈 따라잡기] 민주당-정의당 진실공방·‘北 목선’ 군 합동조..","SBS CNBC "
"미중 무역협상 재개… 최대 수혜주는 '칩 메이커'","머니S "
"노동계, 내년 최저임금 1만원 요구…19.8% 인상안","JTBC "
"세계 최초 '원자 단위' MRI 촬영…기존 해상도 '100배↑'","JTBC "
"“中 사드 몽니 여전”…키위미디어 2000억원대 수출 계약 해지","스포츠서울 "
"증권사 센터장들 하반기 증시, 미중 무역분쟁·금리인하 등 좌우","스포츠서울 "
"거래소, 키위미디어그룹 불성실공시법인 지정 예고(종합)","스포츠서울 "
"경제전쟁 승패 좌우할 핵심소재…그래핀으로 쏠리는 이목  ","아시아경제 "
"여행株, 성수기에도 연저점 맴돌아","아시아경제 "
"마니커 ""최대주주 이지바이오 지분 40.38%→32.83%""","아시아경제 "
"전화위복 기대하는 고동진 사장 ""갤럭시폴드, 2천개 테스트""","아시아경제 "
"코스피, 美 훈풍에도 뒷걸음질…기관 순매도 ","아시아경제 "
"LS전선아시아, 베트남 자회사 채무 115억원 보증","아시아경제 "
"거래소 “라이트론, 상장적격성 실질심사 사유 추가”","아시아경제 "
"[이슈 따라잡기] 민주당-정의당 진실공방·‘北 목선’ 군 합동조..","SBS CNBC "
"미중 무역협상 재개… 최대 수혜주는 '칩 메이커'","머니S "
"노동계, 내년 최저임금 1만원 요구…19.8% 인상안","JTBC "
"세계 최초 '원자 단위' MRI 촬영…기존 해상도 '100배↑'","JTBC "
"“中 사드 몽니 여전”…키위미디어 2000억원대 수출 계약 해지","스포츠서울 "
"증권사 센터장들 하반기 증시, 미중 무역분쟁·금리인하 등 좌우","스포츠서울 "
"거래소, 키위미디어그룹 불성실공시법인 지정 예고(종합)","스포츠서울 "
"日 암초 넘어서려면…삼성전자 실적이 중요한 이유","머니투데이 "
"""비트코인·금가격 동반상승…경기침체 가능성 낮아""","이데일리 "
"코스피, 외국인 대량 매도에 2100선 무너져 ","머니투데이 "
"[마감시황]코스피, 글로벌 무역분쟁 우려에 하락…2100선 아래..","뉴시스 "
"로봇이 자산관리, AI 운용 EMP펀드 수익 ‘쏠쏠’","데일리안 "
"[굿모닝 증시]취약한 국내 증시, 개별종목 장세 가능성 높아","아시아경제 "
"코스피, 무역분쟁 확산 우려에 장중 2100선 하회","이데일리 "
"[뉴욕마감] 안갯속 무역협상, 불안한 랠리…S&P 사상최고치","머니투데이 "
"[표]코스닥 기관·외국인·개인 순매수·도 상위종목(7월 3일)","서울경제 "
"코스피, 외인 매도로 1%대 하락","아시아경제 "
"반도체 업황 우려에 코스피 2110선 밑으로…외인 현선물 매도세","머니투데이 "
"[표]유가증권 기관·외국인·개인 순매수·도 상위종목(7월 3일)","서울경제 "
"[1보] 코스피 나흘째 하락…보름 만에 다시 2,100선 밑돌아","연합뉴스 "
"[단독] 송원산업, 日 반도체 수출 규제 `포토레지스트` 원료 ..","매일경제 "
"코스피, 나흘 연속 약세…일본 수출규제 여파로 2100선 무너져..","아시아경제 "
"[특징주] '당정청, 반도체 산업 집중투자 방침'에 관련주 급등..","연합뉴스 "
"코스피, 외국인·기관 동반 매도에 급락…2100선 내줘","매일경제 "
"[마감시황] 外人 1,000억대 순매도... 코스피 1.23% ..","서울경제 "
"코스피, 외국인·기관 동반 매도에 급락세…2100선 하회","매일경제 "
"[코스피 마감]무역분쟁 확산 우려에 1%대 하락..2100선 하..","이데일리 "
"코스피 2100선 붕괴, 나흘째 내리막…""반도체株 하락 주도""","한국경제 "
"[유럽증시]美·EU무역분쟁 우려…상승 폭 제한","이데일리 "
"코스피 나흘째 하락…보름 만에 다시 2,100선 밑돌아(종합)","연합뉴스 "
"[1시 주식시장은] 外人 매도 확대... 코스피 1%대 하락","서울경제 "
"[특징주]유니온머티, 꿈의 반도체 소재 개발…비메모리 소재는 일..","아시아경제 "
"[Asia오전]""이젠 유럽""… 끝나지 않는 무역 긴장 ","머니투데이 "
"오후 3:00 현재 코스피는 45:55으로 매수우위, 매수강세 ..","서울경제 "
"[코스닥 마감]무역분쟁 불안감 속 외인·기관 '팔자'… 사흘만에..","이데일리 "
"코스피, 장중 2100선 무너져…日 규제·GDP 전망치 하향 겹..","머니투데이 "
"[fn마감시황] 코스피, 外人?기관 동반 '팔자'에 2100선 ..","파이낸셜뉴스 "
"[특징주]무역분쟁 우려에 증시 출렁…증권株↓","이데일리 "
"낮아진 GDP 성장률, 출렁이는 환율…""Again 2012?""","머니투데이 "
"왜풍에 ‘출렁’ 반도체 빅2…`반사익` 소재·부품주는 급등","디지털타임스 "
"엑시콘-RFHIC 등 25개사 '2019 코스닥 라이징스타' 선..","전자신문 "
"고승범 금통위원 ""과도한 신용공급은 경제성장에 부정적""","연합뉴스 "
"[표]투자주체별 매매동향(7월 3일)","서울경제 "
"장 중 기업공시[7월3일]","서울경제 "
"[마감]환율 상승..1171.3(+5.3원)","이데일리 "
"[마감 시황] 코스피 전일 대비 26p 하락한 2096.02p에..","한국경제TV "
"[마감 시황]  외국인과 기관의 동반 매도세.. 코스피 2096..","서울경제 "
"'그게 되겠어?' 했는데 됐다…엘리트 변호사의 '공매도 플랫폼'..","중앙일보 "
"두산인프라코어, 전일 대비 약 4% 하락한 5,960원","한국경제TV "
"거래소, 코스닥 25개사 '라이징스타' 선정…RFHIC 등 8곳..","뉴시스 "
"자연재해 끝나니 경제보복…日 이슈에 여행주 '덜덜'","머니투데이 "
"삼우엠스, 中 종속회사 지분 100% 127억원에 취득 결정","서울경제 "
"[fnRASSI]장마감, 코스닥 상승 종목(켐트로스 30.0% ..","파이낸셜뉴스 "
"LG이노텍, 2Q 실적 예상치 상회…하반기 실적모멘텀 가시화-하..","이데일리 "
"코스닥, 한때 690선 하회…외인·기관 동반 매도에 하락","이데일리 "
"뉴욕증시, 美·EU 무역갈등에 상승폭 제한","조선비즈 "
"주요 그룹, 투자부동산 40조원 육박…롯데, 삼성 제치고 1위","연합뉴스 "
"원/달러 환율 3일째 상승세 이어가…위안화 약세 연동","연합뉴스 "
"[빅데이터MSI]시장심리 톱5, SK·미래에셋대우·하이트진로·한..","뉴시스 "
"호텔신라, 주가 하락은 과도…영업환경 안정적-NH투자증권","머니투데이 "
"켐트로스, 수소연료전지 핵심소재 연구 주관사로 선정 ","머니투데이 "
"[Hot-Line] ""휠라코리아, 2분기 영업익 시장추정치 웃돌..","매일경제 "
"한스바이오메드, 페이스리프팅실 中 판매허가 승인","매일경제 "
"‘리니지 리마스터’ 신규 클래스 ‘검사’ 사전예약 진행","매일경제 "
"오락·문화업(-2.04%↓)이 약세인 가운데, 코스닥도 하락 흐..","서울경제 "
"[fnRASSI]오늘의 상한가, 켐트로스 30.0% ↑","파이낸셜뉴스 "
"[fnRASSI]장마감, 거래소 상승 종목(국보 29.9% ↑)","파이낸셜뉴스 "
"'영흥철강' 5% 이상 상승, 주가 상승세, 단기 이평선 역배열..","한국경제 "
"미중 무역분쟁 반사이익 본 슈프리마","한국경제 "
"[인사] IBK투자증권","헤럴드경제 "
"국민연금공단, 제이콘텐트리 지분율 6.99%→8.17%로 확대","이데일리 "
"핀테크-빅데이터, 4차산업혁명 기업 연이어 코스닥行...바이오일..","전자신문 "
"알테오젠, 전일 대비 약 4% 하락한 32,350원","한국경제TV "
"[클릭 e종목]""케이프, 실린더 라이너 수요 증가 수혜""","아시아경제 "
"코스피 나흘째 하락…보름 만에 다시 2,100선 밑돌아(종합2보..","연합뉴스 "
"美증시 소폭 상승마감…EU 관세추진에 상승폭 주춤","뉴시스 "
"[빅데이터MSI]3일 오전 주식시장 심리 6단계 '좋음'","뉴시스 "
"코스피·코스닥 동반 하락 마감","뉴시스 "
"[14:00] 외국인 매도 늘면서 코스피 시장 하락세(2098p..","국민일보 "
"제주항공, 한일 관계 악화가 주가 발목-케이프투자증권","머니투데이 "
"[특징주]코오롱생명과학, 인보사 허가취소에 주가요동","머니투데이 "
"한화수성스팩, 그렉스와 합병 결정","매일경제 "
"[투자의 창] '비이성적' 인간의 이성적 투자법","서울경제 "
"[뉴욕증시] 美·EU 무역갈등 조짐에 상승폭 제한","파이낸셜뉴스 "
"5G·바이오 등 코스닥 25社, ‘라이징스타’ 선정","파이낸셜뉴스 "
"[표]코스닥 외국인 연속 순매도 종목(2일)","이데일리 "
"[표]해외 한국 DR(7/2)","이데일리 "
"국민연금공단, 에이티젠 보유 지분 5.01%→3.91%로 축소","이데일리 "
"[IPO출사표]이정수 플리토 대표 ""글로벌 언어 AI 시장 주도..","이데일리 "
"[I-리포트] LG이노텍, 하반기 실적 모멘텀 높아 -하나금투","아이뉴스24 "
"금감원, 금융투자업 민원 '급증'","한국경제TV "
"DMS, 5거래일 연속 상승... 전일 대비 5% 상승","한국경제TV "
"재정 조기 집행에 상반기 국채 발행 100조원 첫 돌파","연합뉴스 "
"에스제이케이, 이승열·김민강 각자대표 체제로 변경","연합뉴스 "
"[올댓차이나] 中증시, 경기둔화 우려에 하락 개장...창업판 0..","뉴시스 "
"현대상선, 특별관계자 지분변동","국민일보 "
"한화수성스팩 거래정지","국민일보 "
"제로투세븐, 특별관계자 지분변동","국민일보 "
"리드, 특별관계자 지분변동","국민일보 "
"코오롱생명과학, 인보사케이주  품목허가 취소","머니투데이 "
"비행기 미어터지는데 항공사 실적둔화 왜?","머니투데이 "
"THE E&M, 신사동 압구정빌딩으로 본사 이전","머니투데이 "
"유럽 증시, 상승 출발…獨 0.35%↑","머니투데이 "
"코넥스, 정부 활성화 대책에도 `싸늘`…올해 상장사 4곳 불과","매일경제 "
"[정오 시황] 코스피 2103.55, 하락세(▼18.47, -0..","서울경제 "
"오후 12:00 현재 코스피는 47:53으로 매수우위, 매수강세..","서울경제 "
"[투자의 창] '비이성적' 인간의 이성적 투자법","서울경제 "
"[뉴욕증시] 美·EU 무역갈등 조짐에 상승폭 제한","파이낸셜뉴스 "
"5G·바이오 등 코스닥 25社, ‘라이징스타’ 선정","파이낸셜뉴스 "
"[표]코스닥 외국인 연속 순매도 종목(2일)","이데일리 "
"[표]해외 한국 DR(7/2)","이데일리 "
"국민연금공단, 에이티젠 보유 지분 5.01%→3.91%로 축소","이데일리 "
"[IPO출사표]이정수 플리토 대표 ""글로벌 언어 AI 시장 주도..","이데일리 "
"[I-리포트] LG이노텍, 하반기 실적 모멘텀 높아 -하나금투","아이뉴스24 "
"금감원, 금융투자업 민원 '급증'","한국경제TV "
"DMS, 5거래일 연속 상승... 전일 대비 5% 상승","한국경제TV "
"재정 조기 집행에 상반기 국채 발행 100조원 첫 돌파","연합뉴스 "
"에스제이케이, 이승열·김민강 각자대표 체제로 변경","연합뉴스 "
"[올댓차이나] 中증시, 경기둔화 우려에 하락 개장...창업판 0..","뉴시스 "
"현대상선, 특별관계자 지분변동","국민일보 "
"한화수성스팩 거래정지","국민일보 "
"제로투세븐, 특별관계자 지분변동","국민일보 "
"리드, 특별관계자 지분변동","국민일보 "
"코오롱생명과학, 인보사케이주  품목허가 취소","머니투데이 "
"비행기 미어터지는데 항공사 실적둔화 왜?","머니투데이 "
"THE E&M, 신사동 압구정빌딩으로 본사 이전","머니투데이 "
"유럽 증시, 상승 출발…獨 0.35%↑","머니투데이 "
"코넥스, 정부 활성화 대책에도 `싸늘`…올해 상장사 4곳 불과","매일경제 "
"[정오 시황] 코스피 2103.55, 하락세(▼18.47, -0..","서울경제 "
"오후 12:00 현재 코스피는 47:53으로 매수우위, 매수강세..","서울경제 "
"[투자의 창] '비이성적' 인간의 이성적 투자법","서울경제 "
"[뉴욕증시] 美·EU 무역갈등 조짐에 상승폭 제한","파이낸셜뉴스 "
"5G·바이오 등 코스닥 25社, ‘라이징스타’ 선정","파이낸셜뉴스 "
"[표]코스닥 외국인 연속 순매도 종목(2일)","이데일리 "
"[표]해외 한국 DR(7/2)","이데일리 "
"국민연금공단, 에이티젠 보유 지분 5.01%→3.91%로 축소","이데일리 "
"[IPO출사표]이정수 플리토 대표 ""글로벌 언어 AI 시장 주도..","이데일리 "
"[I-리포트] LG이노텍, 하반기 실적 모멘텀 높아 -하나금투","아이뉴스24 "
"금감원, 금융투자업 민원 '급증'","한국경제TV "
"DMS, 5거래일 연속 상승... 전일 대비 5% 상승","한국경제TV "
"재정 조기 집행에 상반기 국채 발행 100조원 첫 돌파","연합뉴스 "
"에스제이케이, 이승열·김민강 각자대표 체제로 변경","연합뉴스 "
"[올댓차이나] 中증시, 경기둔화 우려에 하락 개장...창업판 0..","뉴시스 "
"현대상선, 특별관계자 지분변동","국민일보 "
"한화수성스팩 거래정지","국민일보 "
"제로투세븐, 특별관계자 지분변동","국민일보 "
"리드, 특별관계자 지분변동","국민일보 "
"코오롱생명과학, 인보사케이주  품목허가 취소","머니투데이 "
"비행기 미어터지는데 항공사 실적둔화 왜?","머니투데이 "
"THE E&M, 신사동 압구정빌딩으로 본사 이전","머니투데이 "
"유럽 증시, 상승 출발…獨 0.35%↑","머니투데이 "
"코넥스, 정부 활성화 대책에도 `싸늘`…올해 상장사 4곳 불과","매일경제 "
"[정오 시황] 코스피 2103.55, 하락세(▼18.47, -0..","서울경제 "
"오후 12:00 현재 코스피는 47:53으로 매수우위, 매수강세..","서울경제 "
"[투자의 창] '비이성적' 인간의 이성적 투자법","서울경제 "
"[뉴욕증시] 美·EU 무역갈등 조짐에 상승폭 제한","파이낸셜뉴스 "
"5G·바이오 등 코스닥 25社, ‘라이징스타’ 선정","파이낸셜뉴스 "
"[표]코스닥 외국인 연속 순매도 종목(2일)","이데일리 "
"[표]해외 한국 DR(7/2)","이데일리 "
"국민연금공단, 에이티젠 보유 지분 5.01%→3.91%로 축소","이데일리 "
"[IPO출사표]이정수 플리토 대표 ""글로벌 언어 AI 시장 주도..","이데일리 "
"[I-리포트] LG이노텍, 하반기 실적 모멘텀 높아 -하나금투","아이뉴스24 "
"금감원, 금융투자업 민원 '급증'","한국경제TV "
"DMS, 5거래일 연속 상승... 전일 대비 5% 상승","한국경제TV "
"재정 조기 집행에 상반기 국채 발행 100조원 첫 돌파","연합뉴스 "
"에스제이케이, 이승열·김민강 각자대표 체제로 변경","연합뉴스 "
"[올댓차이나] 中증시, 경기둔화 우려에 하락 개장...창업판 0..","뉴시스 "
"현대상선, 특별관계자 지분변동","국민일보 "
"한화수성스팩 거래정지","국민일보 "
"제로투세븐, 특별관계자 지분변동","국민일보 "
"리드, 특별관계자 지분변동","국민일보 "
"코오롱생명과학, 인보사케이주  품목허가 취소","머니투데이 "
"비행기 미어터지는데 항공사 실적둔화 왜?","머니투데이 "
"THE E&M, 신사동 압구정빌딩으로 본사 이전","머니투데이 "
"유럽 증시, 상승 출발…獨 0.35%↑","머니투데이 "
"코넥스, 정부 활성화 대책에도 `싸늘`…올해 상장사 4곳 불과","매일경제 "
"[정오 시황] 코스피 2103.55, 하락세(▼18.47, -0..","서울경제 "
"오후 12:00 현재 코스피는 47:53으로 매수우위, 매수강세..","서울경제 "
"[투자의 창] '비이성적' 인간의 이성적 투자법","서울경제 "
"[뉴욕증시] 美·EU 무역갈등 조짐에 상승폭 제한","파이낸셜뉴스 "
"5G·바이오 등 코스닥 25社, ‘라이징스타’ 선정","파이낸셜뉴스 "
"[표]코스닥 외국인 연속 순매도 종목(2일)","이데일리 "
"[표]해외 한국 DR(7/2)","이데일리 "
"국민연금공단, 에이티젠 보유 지분 5.01%→3.91%로 축소","이데일리 "
"[IPO출사표]이정수 플리토 대표 ""글로벌 언어 AI 시장 주도..","이데일리 "
"[I-리포트] LG이노텍, 하반기 실적 모멘텀 높아 -하나금투","아이뉴스24 "
"금감원, 금융투자업 민원 '급증'","한국경제TV "
"DMS, 5거래일 연속 상승... 전일 대비 5% 상승","한국경제TV "
"재정 조기 집행에 상반기 국채 발행 100조원 첫 돌파","연합뉴스 "
"에스제이케이, 이승열·김민강 각자대표 체제로 변경","연합뉴스 "
"[올댓차이나] 中증시, 경기둔화 우려에 하락 개장...창업판 0..","뉴시스 "
"현대상선, 특별관계자 지분변동","국민일보 "
"한화수성스팩 거래정지","국민일보 "
"제로투세븐, 특별관계자 지분변동","국민일보 "
"리드, 특별관계자 지분변동","국민일보 "
"코오롱생명과학, 인보사케이주  품목허가 취소","머니투데이 "
"비행기 미어터지는데 항공사 실적둔화 왜?","머니투데이 "
"THE E&M, 신사동 압구정빌딩으로 본사 이전","머니투데이 "
"유럽 증시, 상승 출발…獨 0.35%↑","머니투데이 "
"코넥스, 정부 활성화 대책에도 `싸늘`…올해 상장사 4곳 불과","매일경제 "
"[정오 시황] 코스피 2103.55, 하락세(▼18.47, -0..","서울경제 "
"오후 12:00 현재 코스피는 47:53으로 매수우위, 매수강세..","서울경제 "
"[투자의 창] '비이성적' 인간의 이성적 투자법","서울경제 "
"[뉴욕증시] 美·EU 무역갈등 조짐에 상승폭 제한","파이낸셜뉴스 "
"5G·바이오 등 코스닥 25社, ‘라이징스타’ 선정","파이낸셜뉴스 "
"[표]코스닥 외국인 연속 순매도 종목(2일)","이데일리 "
"[표]해외 한국 DR(7/2)","이데일리 "
"국민연금공단, 에이티젠 보유 지분 5.01%→3.91%로 축소","이데일리 "
"[IPO출사표]이정수 플리토 대표 ""글로벌 언어 AI 시장 주도..","이데일리 "
"[I-리포트] LG이노텍, 하반기 실적 모멘텀 높아 -하나금투","아이뉴스24 "
"금감원, 금융투자업 민원 '급증'","한국경제TV "
"DMS, 5거래일 연속 상승... 전일 대비 5% 상승","한국경제TV "
"재정 조기 집행에 상반기 국채 발행 100조원 첫 돌파","연합뉴스 "
"에스제이케이, 이승열·김민강 각자대표 체제로 변경","연합뉴스 "
"[올댓차이나] 中증시, 경기둔화 우려에 하락 개장...창업판 0..","뉴시스 "
"현대상선, 특별관계자 지분변동","국민일보 "
"한화수성스팩 거래정지","국민일보 "
"제로투세븐, 특별관계자 지분변동","국민일보 "
"리드, 특별관계자 지분변동","국민일보 "
"코오롱생명과학, 인보사케이주  품목허가 취소","머니투데이 "
"비행기 미어터지는데 항공사 실적둔화 왜?","머니투데이 "
"THE E&M, 신사동 압구정빌딩으로 본사 이전","머니투데이 "
"유럽 증시, 상승 출발…獨 0.35%↑","머니투데이 "
"코넥스, 정부 활성화 대책에도 `싸늘`…올해 상장사 4곳 불과","매일경제 "
"[정오 시황] 코스피 2103.55, 하락세(▼18.47, -0..","서울경제 "
"오후 12:00 현재 코스피는 47:53으로 매수우위, 매수강세..","서울경제 "
"[투자의 창] '비이성적' 인간의 이성적 투자법","서울경제 "
"[뉴욕증시] 美·EU 무역갈등 조짐에 상승폭 제한","파이낸셜뉴스 "
"5G·바이오 등 코스닥 25社, ‘라이징스타’ 선정","파이낸셜뉴스 "
"[표]코스닥 외국인 연속 순매도 종목(2일)","이데일리 "
"[표]해외 한국 DR(7/2)","이데일리 "
"국민연금공단, 에이티젠 보유 지분 5.01%→3.91%로 축소","이데일리 "
"[IPO출사표]이정수 플리토 대표 ""글로벌 언어 AI 시장 주도..","이데일리 "
"[I-리포트] LG이노텍, 하반기 실적 모멘텀 높아 -하나금투","아이뉴스24 "
"금감원, 금융투자업 민원 '급증'","한국경제TV "
"DMS, 5거래일 연속 상승... 전일 대비 5% 상승","한국경제TV "
"재정 조기 집행에 상반기 국채 발행 100조원 첫 돌파","연합뉴스 "
"에스제이케이, 이승열·김민강 각자대표 체제로 변경","연합뉴스 "
"[올댓차이나] 中증시, 경기둔화 우려에 하락 개장...창업판 0..","뉴시스 "
"현대상선, 특별관계자 지분변동","국민일보 "
"한화수성스팩 거래정지","국민일보 "
"제로투세븐, 특별관계자 지분변동","국민일보 "
"리드, 특별관계자 지분변동","국민일보 "
"코오롱생명과학, 인보사케이주  품목허가 취소","머니투데이 "
"비행기 미어터지는데 항공사 실적둔화 왜?","머니투데이 "
"THE E&M, 신사동 압구정빌딩으로 본사 이전","머니투데이 "
"유럽 증시, 상승 출발…獨 0.35%↑","머니투데이 "
"코넥스, 정부 활성화 대책에도 `싸늘`…올해 상장사 4곳 불과","매일경제 "
"[정오 시황] 코스피 2103.55, 하락세(▼18.47, -0..","서울경제 "
"오후 12:00 현재 코스피는 47:53으로 매수우위, 매수강세..","서울경제 "
